STATE,D,(I),CANDIDATE NAME,TOTAL VOTES,PARTY,PRIMARY VOTES,GENERAL VOTES ,,
Alabama,S,(I),"Sessions, Jeff",,R,Unopposed,795606,,
Alabama,S,,Scattered,,W,,22484,,
Alabama,S,,,Total State Votes:,,,818090,,
,,,,,,,,,
Alaska,S,,"Sullivan, Dan",,R,44740,135445,,
Alaska,S,,"Miller, Joe",,R,35904,,,
Alaska,S,,"Treadwell, Mead",,R,27807,,,
Alaska,S,,"Jaramillo, John M.",,R,3246,,,
Alaska,S,,,Party Votes:,R,111697,,,
Alaska,S,(I),"Begich, Mark",,D,58092,129431,,
Alaska,S,,"Bryk, William ""Bill""",,D,2024,,,
Alaska,S,,,Party Votes:,D,60116,,,
Alaska,S,,"Fish, Mark S. #",,LIB,1290,10512,,
Alaska,S,,"Walker, Thom M. #",,LIB,3167,#,,
Alaska,S,,"Kohlhaas, Scott A.",,LIB,734,,,
Alaska,S,,,Party Votes:,LIB,5191,,,
Alaska,S,,"Gianoutsos, Ted",,NAF,,5636,,
Alaska,S,,"Kohring, Vic ##",,AKI,2557,##,,
Alaska,S,,"Kile, Zachary A.",,AKI,1869,,,
Alaska,S,,,Party Votes:,AKI,4426,,,
Alaska,S,,Scattered,,W,,1376,,
Alaska,S,,,Total State Votes:,,181430,282400,,
,,,,,,,,,
Arkansas,S,,"Cotton, Tom ",,R,Unopposed,478819,,
Arkansas,S,(I),"Pryor, Mark ",,D,Unopposed,334174,,
Arkansas,S,,"LaFrance, Nathan ",,LIB,Unopposed,17210,,
Arkansas,S,,"Swaney, Mark H.",,GRE,Unopposed,16797,,
Arkansas,S,,"Pfleegor, Scott",,W,,505,,
Arkansas,S,,,Total State Votes:,,,847505,,
,,,,,,,,,
Colorado,S,,"Gardner, Cory",,R,338324,983891,,
Colorado,S,,,Party Votes:,R,338324,,,
Colorado,S,(I),"Udall, Mark",,D,213746,944203,,
Colorado,S,,,Party Votes:,D,213746,,,
Colorado,S,,"Kent, Gaylon",,LIB,,52876,,
Colorado,S,,"Shogan, Steve",,UN,,29472,,
Colorado,S,,"Acosta, Rául",,UN,,24151,,
Colorado,S,,"Hammons, Bill",,UPC,,6427,,
Colorado,S,,Willoughby,,W,,21,,
Colorado,S,,"Cunningham, Kathleen Rosewater",,W,,17,,
Colorado,S,,,Total State Votes:,,552070,2041058,,
,,,,,,,,,
Delaware,S,(I),"Coons, Christopher A.",,D,Unopposed,130655,,
Delaware,S,,"Wade, Kevin",,R,18181,98823,,
Delaware,S,,"Smink, Carl",,R,5848,,,
Delaware,S,,,Party Votes:,R,24029,,,
Delaware,S,,"Groff, Andrew",,GRE,,4560,,
Delaware,S,,,Total State Votes:,,24029,234038,,
,,,,,,,,,
Georgia,S,,"Perdue, David Alfred",,R,185466,1358088,,
Georgia,S,,"Kingston, J. H. ""Jack""",,R,156157,,,
Georgia,S,,"Handel, Karen C.",,R,132944,,,
Georgia,S,,"Gingrey, J. P. ""Phil""",,R,60735,,,
Georgia,S,,"Broun, Paul Collins",,R,58297,,,
Georgia,S,,"Grayson, Derrick E.",,R,6045,,,
Georgia,S,,"Gardner, Arthur A. ""Art""",,R,5711,,,
Georgia,S,,,Party Votes:,R,605355,,,
Georgia,S,,"Nunn, Mary Michelle",,D,246369,1160811,,
Georgia,S,,"Miles, O. ""Steen""",,D,39418,,,
Georgia,S,,"Robinson, Todd Anthony",,D,31822,,,
Georgia,S,,"Radulovacki, Branko ""Rad""",,D,11101,,,
Georgia,S,,,Party Votes:,D,328710,,,
Georgia,S,,"Swafford, Amanda C.",,LIB,,48862,,
Georgia,S,,"Muscu, Anantha Reddy",,W,,21,,
Georgia,S,,"Schroder, Mary H.",,W,,14,,
Georgia,S,,"Brown, Brian Russell",,W,,9,,
Georgia,S,,,Total State Votes:,,934065,2567805,,
,,,,,,,,,
Hawaii,S - Unexpired Term,(I),"Schatz, Brian",,D,115445,246827,,
Hawaii,S - Unexpired Term,,"Hanabusa, Colleen Wakako",,D,113663,,,
Hawaii,S - Unexpired Term,,"Evans, Brian",,D,4842,,,
Hawaii,S - Unexpired Term,,,Party Votes:,D,233950,,,
Hawaii,S - Unexpired Term,,"Cavasso, Cam",,R,25874,98006,,
Hawaii,S - Unexpired Term,,"Roco, John P.",,R,4425,,,
Hawaii,S - Unexpired Term,,"Friel, Harry J., Jr.",,R,3477,,,
Hawaii,S - Unexpired Term,,"Pirkowski, Eddie",,R,2033,,,
Hawaii,S - Unexpired Term,,,Party Votes:,R,35809,,,
Hawaii,S - Unexpired Term,,"Kokoski, Michael",,LIB,568,8941,,
Hawaii,S - Unexpired Term,,,Party Votes:,LIB,568,,,
Hawaii,S - Unexpired Term,,"Allison, Joy",,N,388,,,
Hawaii,S - Unexpired Term,,"Reyes, Arturo Pacheco",,N,184,,,
Hawaii,S - Unexpired Term,,,Party Votes:,N,572,,,
Hawaii,S - Unexpired Term,,,Total State Votes (Unexpired Term):,,270899,353774,,
,,,,,,,,,
Idaho,S,(I),"Risch, Jim",,R,119209,285596,,
Idaho,S,,"Anderson, Jeremy ""T""",,R,29939,,,
Idaho,S,,,Party Votes:,R,149148,,,
Idaho,S,,"Mitchell, Nels",,D,16908,151574,,
Idaho,S,,"Bryk, William ",,D,7378,,,
Idaho,S,,,Party Votes:,D,24286,,,
Idaho,S,,,Total State Votes:,,173434,437170,,
,,,,,,,,,
Illinois,S,(I),"Durbin, Richard J.",,D,429041,1929637,,
Illinois,S,,,Party Votes:,D,429041,,,
Illinois,S,,"Oberweis, James D. ""Jim""",,R,423097,1538522,,
Illinois,S,,"Truax, Douglas Lee",,R,331237,,,
Illinois,S,,"Procarrone, Sherry",,W(R),54,,,
Illinois,S,,,Party Votes:,R,754388,,,
Illinois,S,,"Hansen, Sharon",,LIB,,135316,,
Illinois,S,,,,,,,,
Illinois,S,,"Davis, Roger K.",,W,,31,,
Illinois,S,,"Shioura, Hilaire F.",,W,,12,,
Illinois,S,,"Procarione, Sherry",,W,,1,,
Illinois,S,,,Total State Votes:,,1183429,3603519,,
,,,,,,,,,
Iowa,S,,"Ernst, Joni",,R,88535,588575,,
Iowa,S,,"Clovis, Sam",,R,28418,,,
Iowa,S,,"Jacobs, Mark ",,R,26523,,,
Iowa,S,,"Whitaker, Matt",,R,11884,,,
Iowa,S,,"Schaben, Scott",,R,2233,,,
Iowa,S,,Scattered,,W(R),155,,,
Iowa,S,,,Party Votes:,R,157748,,,
Iowa,S,,"Braley, Bruce",,D,62600,494370,,
Iowa,S,,Scattered,,W(D),545,,,
Iowa,S,,,Party Votes:,D,63145,,,
Iowa,S,,"Stewart, Rick",,IND,,26815,,
Iowa,S,,"Butzier, Douglas",,LIB,,8232,,
Iowa,S,,"Quast, Bob",,BQT,,5873,,
Iowa,S,,"Smith, Ruth",,NNE,,4724,,
Iowa,S,,Scattered,,W,,1111,,
Iowa,S,,,Total State Votes:,,220893,1129700,,
,,,,,,,,,
Kansas,S,(I),"Roberts, Pat",,R ,127089,460350,,
Kansas,S,,"Wolf, Milton",,R ,107799,,,
Kansas,S,,"Smith, D.J.",,R ,15288,,,
Kansas,S,,"Zahnter, Alvin E.",,R ,14164,,,
Kansas,S,,,Party Votes:,R,264340,,,
Kansas,S,,"Orman, Greg",,IND,,368372,,
Kansas,S,,"Batson, Randall",,LIB,*,37469,,
Kansas,S,,"Taylor, Chad #",,D,35067,#,,
Kansas,S,,"Wiesner, Patrick",,D,30752,,,
Kansas,S,,,Party Votes:,D,65819,,,
Kansas,S,,,Total State Votes:,,330159,866191,,
,,,,,,,,,
Kentucky,S,(I),"McConnell, Mitch",,R,213753,806787,,
Kentucky,S,,"Bevin, Matt",,R,125787,,,
Kentucky,S,,"Payne, Chris",,R,5338,,,
Kentucky,S,,"Copas, Brad",,R,3024,,,
Kentucky,S,,,Party Votes:,R,347902,,,
Kentucky,S,,"Grimes, Alison Lundergan ",,D,307821,584698,,
Kentucky,S,,"Leichty, Gregory Brent",,D,32602,,,
Kentucky,S,,"Farnsley, Burrel Charles",,D,32310,,,
Kentucky,S,,"Recktenwald, Tom",,D,29791,,,
Kentucky,S,,,Party Votes:,D,402524,,,
Kentucky,S,,"Patterson, David M.",,LIB,7214,44240,,
Kentucky,S,,,Party Votes:,LIB,7214,,,
Kentucky,S,,"Maggard, Mike",,W,,17,,
Kentucky,S,,"Ransdell, Robert Edward",,W,,53,,
Kentucky,S,,"Sterling, Shawna",,W,,9,,
Kentucky,S,,"Welch, Gregory D.",,W,,64,,
Kentucky,S,,,Total State Votes:,,757640,1435868,,
,,,,,,,,,
Louisiana,S,,"Cassidy, ""Bill""",,R,n/a,603048,,
Louisiana,S,(I),"Landrieu, Mary L.",,D,n/a,619402,,
Louisiana,S,,"Maness, ""Rob""",,R,n/a,202556,,
Louisiana,S,,"Clements, Thomas",,R,n/a,14173,,
Louisiana,S,,"McMorris, Brannon Lee",,LIB,n/a,13034,,
Louisiana,S,,"Ables, Wayne",,D,n/a,11323,,
Louisiana,S,,"Waymire, William P., Jr.",,D,n/a,4673,,
Louisiana,S,,"Senegal, Vallian",,D,n/a,3835,,
Louisiana,S,,,Total State Votes:,,,1472044,,
,,,,,,,,,
Maine,S,(I),"Collins, Susan M.",,R,53416,413495,,
Maine,S,,"Bennett, Erick",,W(R),615,,,
Maine,S,,,Party Votes:,R,54031,,,
Maine,S,,"Bellows, Shenna",,D,47909,190244,,
Maine,S,,,Party Votes:,D,47909,,,
Maine,S,,Others,,W,,269,,
Maine,S,,,Total State Votes:,,101940,604008,,
,,,,,,,,,
Massachusetts,S,(I),"Markey, Edward J.",,D,402433,1289944,,
Massachusetts,S,,All Others,,W(D),6986,,,
Massachusetts,S,,,Party Votes:,D,409419,,,
Massachusetts,S,,"Herr, Brian J.",,R,117216,791950,,
Massachusetts,S,,All Others,,W(R),872,,,
Massachusetts,S,,,Party Votes:,R,118088,,,
Massachusetts,S,,All Others,,W,,3072,,
Massachusetts,S,,"Muello, Brian R.",,W,,6,,
Massachusetts,S,,,Total State Votes:,,527507,2084972,,
,,,,,,,,,
Michigan,S,,"Peters, Gary",,D,504102,1704936,,
Michigan,S,,,Party Votes:,D,504102,,,
Michigan,S,,"Land, Terri Lynn",,R,588084,1290199,,
Michigan,S,,,Party Votes:,R,588084,,,
Michigan,S,,"Fulner, Jim",,LIB,*,62897,,
Michigan,S,,"Matkin, Richard A.",,UST,*,37529,,
Michigan,S,,"Wahmhoff, Chris",,GRE,*,26137,,
Michigan,S,,"Jones, Jeff",,W,,67,,
Michigan,S,,"Boensch, Robert",,W,,6,,
Michigan,S,,"Troszak, Douglas",,W,,4,,
Michigan,S,,,Total State Votes:,,1092186,3121775,,
,,,,,,,,,
Minnesota,S,(I),"Franken, Al",,DFL,182720,1053205,,
Minnesota,S,,"Henningsgard, Sandra",,DFL,10627,,,
Minnesota,S,,,Party Votes:,DFL,193347,,,
Minnesota,S,,"McFadden, Mike",,R,129601,850227,,
Minnesota,S,,"Abeler, Jim",,R,26714,,,
Minnesota,S,,"Carlson, David",,R,16449,,,
Minnesota,S,,"Munro, Patrick D.",,R,5058,,,
Minnesota,S,,"Savior, O.",,R,2840,,,
Minnesota,S,,,Party Votes:,R,180662,,,
Minnesota,S,,"Carlson, Steve",,IDP,2148,47530,,
Minnesota,S,,"Terrell, Kevin",,IDP,1376,,,
Minnesota,S,,"Shepard, Jack",,IDP,1130,,,
Minnesota,S,,"Williams, Stephen",,IDP,862,,,
Minnesota,S,,"Books, Tom",,IDP,820,,,
Minnesota,S,,,Party Votes:,IDP,6336,,,
Minnesota,S,,"Johnson, Heather ",,LIB,Unopposed,29685,,
Minnesota,S,,Scattered,,W,,881,,
Minnesota,S,,,Total State Votes:,,380345,1981528,,
,,,,,,,,,
Mississippi,S,(I),"Cochran, Thad",,R,156313,378481,,
Mississippi,S,,"McDaniel, Chris",,R,157728,,,
Mississippi,S,,"Carey, Thomas L. ",,R,4854,,,
Mississippi,S,,,Party Votes:,R,318895,,,
Mississippi,S,,"Childers, Travis W.",,D,63548,239439,,
Mississippi,S,,"Marcy, Bill ",,D,10361,,,
Mississippi,S,,"Compton, William Bond, Jr.",,D,8465,,,
Mississippi,S,,"Rawl, Jonathan",,D,3492,,,
Mississippi,S,,,Party Votes:,D,85866,,,
Mississippi,S,,"O'Hara, Shawn",,REF,Unopposed,13938,,
Mississippi,S,,,Total State Votes:,,404761,631858,,
,,,,,,,,,
Montana,S,,"Daines, Steve",,R,110565,213709,,
Montana,S,,"Cundiff, Susan ",,R,11909,,,
Montana,S,,"Edmunds, Champ",,R,10151,,,
Montana,S,,,Party Votes:,R,132625,,,
Montana,S,,"Curtis, Amanda #",,D,#,148184,,
Montana,S,(I),"Walsh, John #",,D,48665,,,
Montana,S,,"Bohlinger, John ",,D,17187,,,
Montana,S,,"Adams, Dirk S.",,D,10139,,,
Montana,S,,Scattered,,W(D),11,,,
Montana,S,,,Party Votes:,D,76002,,,
Montana,S,,"Roots, Roger",,LIB,Unopposed,7933,,
Montana,S,,,Total State Votes:,,208627,369826,,
,,,,,,,,,
Nebraska,S,,"Sasse, Ben",,R,108443,347636,,
Nebraska,S,,"Dinsdale, Sid ",,R,49026,,,
Nebraska,S,,"Osborn, Shane",,R,45952,,,
Nebraska,S,,"McLeay, Bart ",,R,12348,,,
Nebraska,S,,"Johnson, Clifton R.",,R,3110,,,
Nebraska,S,,,Party Votes:,R,218879,,,
Nebraska,S,,"Sasse, Ben",,N(R),2359,,,
Nebraska,S,,"Dinsdale, Sid ",,N(R),1468,,,
Nebraska,S,,"Osborn, Shane",,N(R),1386,,,
Nebraska,S,,"McLeay, Bart ",,N(R),492,,,
Nebraska,S,,"Johnson, Clifton R.",,N(R),200,,,
Nebraska,S,,,Party Votes:,N(R),5905,,,
Nebraska,S,,"Domina, Dave",,D,44487,170127,,
Nebraska,S,,"Marvin, Larry ",,D,21483,,,
Nebraska,S,,,Party Votes:,D,65970,,,
Nebraska,S,,"Domina, Dave",,N(DEM),1161,,,
Nebraska,S,,"Marvin, Larry ",,N(DEM),421,,,
Nebraska,S,,,Party Votes:,N(DEM),1582,,,
Nebraska,S,,"Jenkins, Jim",,BP,,15868,,
Nebraska,S,,"Watson, Todd F.",,BP,,6260,,
Nebraska,S,,Scattered,,W,,446,,
Nebraska,S,,,Total State Votes:,,292336,540337,,
,,,,,,,,,
New Hampshire,S,(I),"Shaheen, Jeanne",,D,39282,251184,,
New Hampshire,S,,"Brown, Scott P.",,W(D),363,,,
New Hampshire,S,,Scattered,,W(D),245,,,
New Hampshire,S,,"Rubens, Jim",,W(D),127,,,
New Hampshire,S,,"Smith, Bob ",,W(D),123,,,
New Hampshire,S,,"Farnham, Mark W.",,W(D),4,,,
New Hampshire,S,,"Heghmann, Bob",,W(D),4,,,
New Hampshire,S,,"Kelly, Walter W.",,W(D),2,,,
New Hampshire,S,,"Martin, Andy",,W(D),2,,,
New Hampshire,S,,"D'Arcy, Robert",,W(D),0,,,
New Hampshire,S,,,Party Votes:,D,40152,,,
New Hampshire,S,,"Brown, Scott P.",,R,59147,235347,,
New Hampshire,S,,"Rubens, Jim",,R,27252,,,
New Hampshire,S,,"Smith, Bob ",,R,26762,,,
New Hampshire,S,,"Kelly, Walter W.",,R,1392,,,
New Hampshire,S,,"Heghmann, Bob",,R,789,,,
New Hampshire,S,,"Martin, Andy",,R,738,,,
New Hampshire,S,,"Farnham, Mark W.",,R,737,,,
New Hampshire,S,,"Dziedzic, Miro",,R,515,,,
New Hampshire,S,,"Beloin, Gerard",,R,503,,,
New Hampshire,S,,"D'Arcy, Robert",,R,399,,,
New Hampshire,S,(I),"Shaheen, Jeanne",,W(R),220,,,
New Hampshire,S,,Scattered,,W(R),183,,,
New Hampshire,S,,,Party Votes:,R,118637,,,
New Hampshire,S,,Scattered,,W,,1628,,
New Hampshire,S,,,Total State Votes:,,158789,488159,,
,,,,,,,,,
New Jersey,S, (I),"Booker, Cory ",,D,202129,1043866,,
New Jersey,S,,,Party Votes:,D,202129,,,
New Jersey,S,,"Bell, Jeff",,R,42728,791297,,
New Jersey,S,,"Pezzullo, Richard J.",,R,38130,,,
New Jersey,S,,"Goldberg, Brian D.",,R,36266,,,
New Jersey,S,,"Sabrin, Murray",,R,28183,,,
New Jersey,S,,,Party Votes:,R,145307,,,
New Jersey,S,,"Baratelli, Joseph",,LIB,,16721,,
New Jersey,S,,"Schroeder, Hank",,EG,,5704,,
New Jersey,S,,"Boss, Jeff",,IND,,4513,,
New Jersey,S,,"LaVergne, Martin Eugene",,DRP,,3890,,
New Jersey,S,,"Sabas, Antonio N.",,IND,,3544,,
New Jersey,S,,,Total State Votes:,,347436,1869535,,
,,,,,,,,,
New Mexico,S,(I),"Udall, Tom",,D,113502,286409,,
New Mexico,S,,,Party Votes:,D,113502,,,
New Mexico,S,,"Weh, Allen E. ",,R,41566,229097,,
New Mexico,S,,"Clements, David Kale ",,R,24413,,,
New Mexico,S,,,Party Votes:,R,65979,,,
New Mexico,S,,,Total State Votes:,,179481,515506,,
,,,,,,,,,
North Carolina,S,,"Tillis, Thom",,R,223174,1423259,,
North Carolina,S,,"Brannon, Greg",,R,132630,,,
North Carolina,S,,"Harris, Mark",,R,85727,,,
North Carolina,S,,"Grant, Heather",,R,22971,,,
North Carolina,S,,"Snyder, Jim",,R,9414,,,
North Carolina,S,,"Alexander, Ted",,R,9258,,,
North Carolina,S,,"Bradshaw, Alex Lee",,R,3528,,,
North Carolina,S,,"Kryn, Edward",,R,1853,,,
North Carolina,S,,,Party Votes:,R,488555,,,
North Carolina,S,(I),"Hagan, Kay",,D,372209,1377651,,
North Carolina,S,,"Stewart, Will",,D,66903,,,
North Carolina,S,,"Reeves, Ernest T.",,D,43257,,,
North Carolina,S,,,Party Votes:,D,482369,,,
North Carolina,S,,"Haugh, Sean",,LIB,1226,109100,,
North Carolina,S,,"D'Annunzio, Tim",,LIB,794,,,
North Carolina,S,,,Party Votes:,LIB,2020,,,
North Carolina,S,,Scattered,,W,,4307,,
North Carolina,S,,"Rhodes, John ",,W,,621,,
North Carolina,S,,"Waddell, David",,W,,201,,
North Carolina,S,,"Gurney, Barry",,W,,142,,
North Carolina,S,,,Total State Votes:,,972944,2915281,,
,,,,,,,,,
Oklahoma,S  - FULL TERM,(I),"Inhofe, Jim",,R,231291,558166,,
Oklahoma,S  - FULL TERM,,"Rogers, Evelyn L.",,R,11960,,,
Oklahoma,S  - FULL TERM,,"Wyatt, Erick Paul",,R,11713,,,
Oklahoma,S  - FULL TERM,,"Moye, Rob",,R,4846,,,
Oklahoma,S  - FULL TERM,,"McBride-Samuels, D. Jean",,R,3965,,,
Oklahoma,S  - FULL TERM,,,Party Votes:,R,263775,,,
Oklahoma,S  - FULL TERM,,"Silverstein, Matt",,D,Unopposed,234307,,
Oklahoma,S  - FULL TERM,,"Farr, Joan",,IND,,10554,,
Oklahoma,S  - FULL TERM,,"Woods, Ray",,IND,,9913,,
Oklahoma,S  - FULL TERM,,"DeLozier, Aaron",,IND,,7793,,
Oklahoma,S  - FULL TERM,,,Total Full Term State Votes:,,263775,820733,,
,,,,,,,,,
Oklahoma,S-UNEXPIRED TERM,,"Lankford, James",,R,152749,557002,,
Oklahoma,S-UNEXPIRED TERM,,"Shannon, T. W.",,R,91854,,,
Oklahoma,S-UNEXPIRED TERM,,"Brogdon, Randy",,R,12934,,,
Oklahoma,S-UNEXPIRED TERM,,"Crow, Kevin",,R,2828,,,
Oklahoma,S-UNEXPIRED TERM,,"Craig, Andy",,R,2427,,,
Oklahoma,S-UNEXPIRED TERM,,"McCray, Eric C.",,R,2272,,,
Oklahoma,S-UNEXPIRED TERM,,"Weger, Jason",,R,1794,,,
Oklahoma,S-UNEXPIRED TERM,,,Party Votes:,R,266858,,,
Oklahoma,S-UNEXPIRED TERM,,"Johnson, Connie",,D,71462,237923,,
Oklahoma,S-UNEXPIRED TERM,,"Rogers, Jim",,D,57598,,,
Oklahoma,S-UNEXPIRED TERM,,"Hayes, Patrick Michael",,D,33943,,,
Oklahoma,S-UNEXPIRED TERM,,,Party Votes:,D,163003,,,
Oklahoma,S-UNEXPIRED TERM,,"Beard, Mark T.",,IND,,25965,,
Oklahoma,S-UNEXPIRED TERM,,,Total Unexpired Term State Votes:,,429861,820890,,
,,,,,,,,,
Oregon,S,(I),"Merkley, Jeff",,DEM/IP/PRO/WF,277120,814537,,
Oregon,S,,"Bryk, William ",,D,11330,,,
Oregon,S,,"Goberman, Pavel ",,D,8436,,,
Oregon,S,,Scattered,,W(D),4194,,,
Oregon,S,,,Party Votes:,D,301080,,,
Oregon,S,,"Wehby, Monica",,R,134627,538847,,
Oregon,S,,"Conger, Jason",,R,101401,,,
Oregon,S,,"Callahan, Mark ",,R,18220,,,
Oregon,S,,"Perkins, Jo Rae ",,R,7602,,,
Oregon,S,,"Crawley, Timothy I.",,R,6566,,,
Oregon,S,,Scattered,,W(R),1027,,,
Oregon,S,,,Party Votes:,R,269443,,,
Oregon,S,,"Montchalin, Mike",,LIB,*,44916,,
Oregon,S,,"Lugo, Christina Jean",,PG,*,32434,,
Oregon,S,,"Leuenberger, James E.",,CON,*,24212,,
Oregon,S,,Scattered,,W,,6672,,
Oregon,S,,,Total State Votes:,,570523,1461618,,
,,,,,,,,,
Rhode Island,S,(I),"Reed, John F.",,D,98816,223675,,
Rhode Island,S,,,Party Votes:,D,98816,,,
Rhode Island,S,,"Zaccaria, Mark S.",,R,23787,92684,,
Rhode Island,S,,,Party Votes:,R,23787,,,
Rhode Island,S,,Scattered,,W,,531,,
Rhode Island,S,,"Healy, Bob",,W,,8,,
Rhode Island,S,,,Total State Votes:,,122603,316898,,
,,,,,,,,,
South Carolina,S   (Full Term),(I),"Graham, Lindsey",,R,178833,672941,,
South Carolina,S   (Full Term),,"Bright, Lee",,R,48904,,,
South Carolina,S   (Full Term),,"Cash, Richard",,R,26325,,,
South Carolina,S   (Full Term),,"Bowers, Det",,R,23172,,,
South Carolina,S   (Full Term),,"Mace, Nancy",,R,19634,,,
South Carolina,S   (Full Term),,"Connor, Bill",,R,16912,,,
South Carolina,S   (Full Term),,"Dunn, Benjamin ",,R,3209,,,
South Carolina,S   (Full Term),,,Party Votes:,R,316989,,,
South Carolina,S   (Full Term),,"Hutto, Brad",,WF,*,24207,,
South Carolina,S   (Full Term),,"Hutto, Brad",,D,87552,456726,,
South Carolina,S   (Full Term),,"Stamper, Jay",,D,26678,,,
South Carolina,S   (Full Term),,,Party Votes:,D,114230,,,
South Carolina,S   (Full Term),,"Kocher, Victor",,LIB,*,33839,,
South Carolina,S   (Full Term),,"Ravenel, Thomas",,PET,,47588,,
South Carolina,S   (Full Term),,Scattered,,W,,4774,,
South Carolina,S   (Full Term),,,Total State Votes (Full Term):,,431219,1240075,,
,,,,,,,,,
South Carolina,S   (Unexpired Term),(I),"Scott, Tim",,R,276147,757215,,
South Carolina,S   (Unexpired Term),,"Young, Randall ",,R,30741,,,
South Carolina,S   (Unexpired Term),,,Party Votes:,R,306888,,,
South Carolina,S   (Unexpired Term),,"Dickerson, Joyce",,D,72874,459583,,
South Carolina,S   (Unexpired Term),,"Moore, Sidney ",,D,26310,,,
South Carolina,S   (Unexpired Term),,"Pavilack, Harry ",,D,12253,,,
South Carolina,S   (Unexpired Term),,,Party Votes:,D,111437,,,
South Carolina,S   (Unexpired Term),,"Bossi, Jill",,AM,*,21652,,
South Carolina,S   (Unexpired Term),,Scattered,,W,,532,,
South Carolina,S   (Unexpired Term),,,Total State Votes (Unexpired Term):,,418325,1238982,,
,,,,,,,,,
South Dakota,S,,"Rounds, Mike ",,R,41377,140741,,
South Dakota,S,,"Rhoden, Larry",,R,13593,,,
South Dakota,S,,"Nelson, Stace",,R,13179,,,
South Dakota,S,,"Bosworth, Annette ",,R,4283,,,
South Dakota,S,,"Ravnsborg, Jason ",,R,2066,,,
South Dakota,S,,,Party Votes:,R,74498,,,
South Dakota,S,,"Weiland, Rick ",,D,Unopposed,82456,,
South Dakota,S,,"Pressler, Larry",,IND,,47741,,
South Dakota,S,,"Howie, Gordon",,IND,,8474,,
South Dakota,S,,,Total State Votes:,,74498,279412,,
,,,,,,,,,
Tennessee,S,(I),"Alexander, Lamar",,R,331705,850087,,
Tennessee,S,,"Carr, Joe ",,R,271324,,,
Tennessee,S,,"Flinn, George Shea",,R,34668,,,
Tennessee,S,,"Agnew, Christian",,R,11320,,,
Tennessee,S,,"Lenard, Brenda S.",,R,7908,,,
Tennessee,S,,"King, John D.",,R,7748,,,
Tennessee,S,,"Magee, Erin Kent",,R/W,3366,5,,
Tennessee,S,,,Party Votes:,R,668039,,,
Tennessee,S,,"Ball, Gordon",,D,87829,437848,,
Tennessee,S,,"Adams, Terry",,D,85794,,,
Tennessee,S,,"Davis, Gary Gene",,D,42549,,,
Tennessee,S,,"Crim, Larry ",,D,24777,,,
Tennessee,S,,,Party Votes:,D,240949,,,
Tennessee,S,,"Wilmoth, Joe",,CON,,36088,,
Tennessee,S,,"Pleasant, Martin",,GRE,,12570,,
Tennessee,S,,"Emerson, Tom, Jr. ",,IND,,11157,,
Tennessee,S,,"Page, Danny",,IND,,7713,,
Tennessee,S,,"Tyler, Rick",,IND,,5759,,
Tennessee,S,,"James, Joshua",,IND,,5678,,
Tennessee,S,,"Phillips, Bartholomew J.",,IND,,2386,,
Tennessee,S,,"Gauthier, Edmund L.",,IND,,2314,,
Tennessee,S,,"Schechter, Eric",,IND,,1673,,
Tennessee,S,,"Salekin, C.",,IND,,787,,
Tennessee,S,,,Total State Votes:,,908988,1374065,,
,,,,,,,,,
Texas,S,(I),"Cornyn, John",,R,781259,2861531,,
Texas,S,,"Stockman, Steve",,R,251577,,,
Texas,S,,"Stovall, Dwayne",,R,140794,,,
Texas,S,,"Vega, Linda",,R,50057,,,
Texas,S,,"Cope, Ken",,R,34409,,,
Texas,S,,"Mapp, Chris",,R,23535,,,
Texas,S,,"Reasor, Reid",,R,20600,,,
Texas,S,,"Cleaver, Curt",,R,12325,,,
Texas,S,,,Party Votes:,R,1314556,,,
Texas,S,,"Alameel, David M.",,D,239914,1597387,,
Texas,S,,"Rogers, Kesha",,D,110146,,,
Texas,S,,"Scherr, Maxey Marie",,D,90359,,,
Texas,S,,"Kim, Harry",,D,45207,,,
Texas,S,,"Fjetland, Michael ""Fjet""",,D,24383,,,
Texas,S,,,Party Votes:,D,510009,,,
Texas,S,,"Paddock, Rebecca",,LIB,*,133751,,
Texas,S,,"Parachuri, Tanuja",,LIB,,,,
Texas,S,,"Roland, Jon",,LIB,,,,
Texas,S,,"Sanchez, Emily ""Spicybrown""",,GRE,*,54701,,
Texas,S,,"Tahiro, Mohammed",,W,,988,,
Texas,S,,,Total State Votes:,,1824565,4648358,,
,,,,,,,,,
Virginia,S,(I),"Warner, Mark R.",,D,Unopposed,1073667,,
Virginia,S,,"Gillespie, Ed W.",,R,"1,616**",1055940,,
Virginia,S,,"Hill, Shak",,R,"1,040*",,,
Virginia,S,,"DeTora, Tony",,R,20*,,,
Virginia,S,,"Moss, Chuck",,R,14*,,,
Virginia,S,,,Party Votes:,R,"2,690*",,,
Virginia,S,,"Sarvis, Robert C.",,LIB,,53102,,
Virginia,S,,Scattered,,W,,1764,,
Virginia,S,,,Total State Votes:,,"2,690*",2184473,,
,,,,,,,,,
West Virginia,S,,"Capito, Shelly Moore",,R,74655,281820,,
West Virginia,S,,"Dodrill, Matthew ",,R,7072,,,
West Virginia,S,,"Butcher, Larry Eugene",,R,3595,,,
West Virginia,S,,,Party Votes:,R,85322,,,
West Virginia,S,,"Tennant, Natalie ",,D,104598,156360,,
West Virginia,S,,"Melton, Dennis",,D,15817,,,
West Virginia,S,,"Wamsley, David B.",,D,13773,,,
West Virginia,S,,,Party Votes:,D,134188,,,
West Virginia,S,,"Buckley, John S.",,LIB,*,7409,,
West Virginia,S,,"Baber, Bob Henry",,MTP,*,5504,,
West Virginia,S,,"Hudok, Phil",,CON,,2566,,
West Virginia,S,,"Weinstein, Alex Wolf",,W,,10,,
West Virginia,S,,"Smith, Roger",,W,,8,,
West Virginia,S,,"Battista, Dino",,W,,7,,
West Virginia,S,,"Butcher, Larry Eugene",,W,,5,,
West Virginia,S,,,,,,,,
West Virginia,S,,,Total State Votes:,,219510,453689,,
,,,,,,,,,
Wyoming,S,(I),"Enzi, Mike",,R,77965,121554,,
Wyoming,S,,"Miller, Bryan E. ",,R,9330,,,
Wyoming,S,,"Gregory, James 'Coaltrain'",,R,3740,,,
Wyoming,S,,"Bleming, Thomas",,R,2504,,,
Wyoming,S,,"Clifton, Arthur Bruce",,R,1403,,,
Wyoming,S,,Scattered,,W(R),346,,,
Wyoming,S,,,Party Votes:,R,95288,,,
Wyoming,S,,"Hardy, Charlie",,D,7200,29377,,
Wyoming,S,,"Wilde, Rex",,D,3012,,,
Wyoming,S,,"Hamburg, Al",,D,2988,,,
Wyoming,S,,"Bryk, William",,D,1670,,,
Wyoming,S,,Scattered,,W(D),216,,,
Wyoming,S,,,Party Votes:,D,15086,,,
Wyoming,S,,"Gottshall, Curt",,IND,,13311,,
Wyoming,S,,"Porambo, Joseph S.",,LIB,,3677,,
Wyoming,S,,Scattered,,W,,471,,
Wyoming,S,,,Total State Votes:,,110374,168390,,
,,,,,,,,,
,,,,,,,,,
,,,,,,,,,
,,,,,,,,,
,,,,,,,,,
,,,,,,,,,
,,,,,,,,,
,,,,,,,,,
,,,,,,,,,
,,,,,,,,,
,,,,,,,,,
,,,,,,,,,
,,,,,,,,,
,,,,,,,,,
,,,,,,,,,
,,,,,,,,,
,,,,,,,,,
,,,,,,,,,
,,,,,,,,,
,,,,,,,,,
,,,,,,,,,
,,,,,,,,,
,,,,,,,,,
,,,,,,,,,
,,,,,,,,,
,,,,,,,,,
,,,,,,,,,
,,,,,,,,,
,,,,,,,,,
,,,,,,,,,
,,,,,,,,,
,,,,,,,,,
,,,,,,,,,
,,,,,,,,,
,,,,,,,,,
,,,,,,,,,
,,,,,,,,,
,,,,,,,,,
,,,,,,,,,
,,,,,,,,,
,,,,,,,,,
,,,,,,,,,
,,,,,,,,,
,,,,,,,,,
,,,,,,,,,
,,,,,,,,,
,,,,,,,,,
,,,,,,,,,
,,,,,,,,,
,,,,,,,,,
,,,,,,,,,
,,,,,,,,,
,,,,,,,,,
,,,,,,,,,
,,,,,,,,,
,,,,,,,,,
,,,,,,,,,
,,,,,,,,,
,,,,,,,,,
,,,,,,,,,
,,,,,,,,,
,,,,,,,,,
,,,,,,,,,
,,,,,,,,,
,,,,,,,,,
,,,,,,,,,
,,,,,,,,,
,,,,,,,,,
,,,,,,,,,
,,,,,,,,,
,,,,,,,,,
,,,,,,,,,
,,,,,,,,,
,,,,,,,,,
,,,,,,,,,
,,,,,,,,,
,,,,,,,,,
,,,,,,,,,
,,,,,,,,,
,,,,,,,,,
,,,,,,,,,
,,,,,,,,,
,,,,,,,,,
,,,,,,,,,
,,,,,,,,,
,,,,,,,,,
,,,,,,,,,
,,,,,,,,,
,,,,,,,,,
,,,,,,,,,
,,,,,,,,,
,,,,,,,,,
,,,,,,,,,
,,,,,,,,,
,,,,,,,,,
,,,,,,,,,
,,,,,,,,,
,,,,,,,,,
,,,,,,,,,
,,,,,,,,,
,,,,,,,,,
,,,,,,,,,
,,,,,,,,,
,,,,,,,,,
,,,,,,,,,
,,,,,,,,,
,,,,,,,,,
,,,,,,,,,
,,,,,,,,,
,,,,,,,,,
,,,,,,,,,
,,,,,,,,,
,,,,,,,,,
,,,,,,,,,
,,,,,,,,,
,,,,,,,,,
,,,,,,,,,
,,,,,,,,,
,,,,,,,,,
,,,,,,,,,
,,,,,,,,,
,,,,,,,,,
,,,,,,,,,
,,,,,,,,,
,,,,,,,,,
,,,,,,,,,
,,,,,,,,,
,,,,,,,,,
,,,,,,,,,
,,,,,,,,,
,,,,,,,,,
,,,,,,,,,
,,,,,,,,,
,,,,,,,,,
,,,,,,,,,
,,,,,,,,,
,,,,,,,,,
,,,,,,,,,
,,,,,,,,,
,,,,,,,,,
,,,,,,,,,
,,,,,,,,,
,,,,,,,,,
,,,,,,,,,
,,,,,,,,,
,,,,,,,,,
,,,,,,,,,
,,,,,,,,,
,,,,,,,,,
,,,,,,,,,
,,,,,,,,,
,,,,,,,,,
,,,,,,,,,
,,,,,,,,,
,,,,,,,,,
,,,,,,,,,
,,,,,,,,,
,,,,,,,,,
,,,,,,,,,
,,,,,,,,,
,,,,,,,,,
,,,,,,,,,
,,,,,,,,,
,,,,,,,,,
,,,,,,,,,
,,,,,,,,,
,,,,,,,,,
,,,,,,,,,
,,,,,,,,,
,,,,,,,,,
,,,,,,,,,
,,,,,,,,,
,,,,,,,,,
,,,,,,,,,
,,,,,,,,,
,,,,,,,,,
,,,,,,,,,
,,,,,,,,,
,,,,,,,,,
,,,,,,,,,
,,,,,,,,,
,,,,,,,,,
,,,,,,,,,
,,,,,,,,,
,,,,,,,,,
,,,,,,,,,
,,,,,,,,,
,,,,,,,,,
,,,,,,,,,
,,,,,,,,,
,,,,,,,,,
,,,,,,,,,
,,,,,,,,,
,,,,,,,,,
,,,,,,,,,
,,,,,,,,,
,,,,,,,,,
,,,,,,,,,
,,,,,,,,,
,,,,,,,,,
,,,,,,,,,
,,,,,,,,,
,,,,,,,,,
,,,,,,,,,
,,,,,,,,,
,,,,,,,,,
,,,,,,,,,
,,,,,,,,,
,,,,,,,,,
,,,,,,,,,
,,,,,,,,,
,,,,,,,,,
,,,,,,,,,
,,,,,,,,,
,,,,,,,,,
,,,,,,,,,
,,,,,,,,,
,,,,,,,,,
,,,,,,,,,
,,,,,,,,,
,,,,,,,,,
,,,,,,,,,
,,,,,,,,,
,,,,,,,,,
,,,,,,,,,
,,,,,,,,,
,,,,,,,,,
,,,,,,,,,
,,,,,,,,,
,,,,,,,,,
,,,,,,,,,
,,,,,,,,,
,,,,,,,,,
,,,,,,,,,
,,,,,,,,,
,,,,,,,,,
,,,,,,,,,
,,,,,,,,,
,,,,,,,,,
,,,,,,,,,
,,,,,,,,,
,,,,,,,,,
,,,,,,,,,
,,,,,,,,,
,,,,,,,,,
,,,,,,,,,
,,,,,,,,,
,,,,,,,,,
,,,,,,,,,
,,,,,,,,,
,,,,,,,,,
,,,,,,,,,
,,,,,,,,,
,,,,,,,,,
,,,,,,,,,
,,,,,,,,,
,,,,,,,,,
,,,,,,,,,
,,,,,,,,,
,,,,,,,,,
,,,,,,,,,
,,,,,,,,,
,,,,,,,,,
,,,,,,,,,
,,,,,,,,,
,,,,,,,,,
,,,,,,,,,
,,,,,,,,,
,,,,,,,,,
,,,,,,,,,
,,,,,,,,,
,,,,,,,,,
,,,,,,,,,
,,,,,,,,,
,,,,,,,,,
,,,,,,,,,
,,,,,,,,,
,,,,,,,,,
,,,,,,,,,
,,,,,,,,,
,,,,,,,,,
,,,,,,,,,
,,,,,,,,,
,,,,,,,,,
,,,,,,,,,
,,,,,,,,,
,,,,,,,,,
,,,,,,,,,
,,,,,,,,,
,,,,,,,,,
,,,,,,,,,
,,,,,,,,,
,,,,,,,,,
,,,,,,,,,
,,,,,,,,,
,,,,,,,,,
,,,,,,,,,
,,,,,,,,,
,,,,,,,,,
,,,,,,,,,
,,,,,,,,,
,,,,,,,,,
,,,,,,,,,
,,,,,,,,,
,,,,,,,,,
,,,,,,,,,
,,,,,,,,,
,,,,,,,,,
,,,,,,,,,
,,,,,,,,,
,,,,,,,,,
,,,,,,,,,
,,,,,,,,,
,,,,,,,,,
,,,,,,,,,
,,,,,,,,,
,,,,,,,,,
,,,,,,,,,
,,,,,,,,,
,,,,,,,,,
,,,,,,,,,
,,,,,,,,,
,,,,,,,,,
,,,,,,,,,
,,,,,,,,,
,,,,,,,,,
,,,,,,,,,
,,,,,,,,,
,,,,,,,,,
,,,,,,,,,
,,,,,,,,,
,,,,,,,,,
,,,,,,,,,
,,,,,,,,,
,,,,,,,,,
,,,,,,,,,
,,,,,,,,,
,,,,,,,,,
,,,,,,,,,
,,,,,,,,,
,,,,,,,,,
,,,,,,,,,
,,,,,,,,,
,,,,,,,,,
,,,,,,,,,
,,,,,,,,,
,,,,,,,,,
,,,,,,,,,
,,,,,,,,,
,,,,,,,,,
,,,,,,,,,
,,,,,,,,,
,,,,,,,,,
,,,,,,,,,
,,,,,,,,,
,,,,,,,,,
,,,,,,,,,
,,,,,,,,,
,,,,,,,,,
,,,,,,,,,
,,,,,,,,,
,,,,,,,,,
,,,,,,,,,
,,,,,,,,,
,,,,,,,,,
,,,,,,,,,
,,,,,,,,,
,,,,,,,,,
,,,,,,,,,
,,,,,,,,,
,,,,,,,,,
,,,,,,,,,
,,,,,,,,,
,,,,,,,,,
,,,,,,,,,
,,,,,,,,,
,,,,,,,,,
,,,,,,,,,
,,,,,,,,,
,,,,,,,,,
,,,,,,,,,
,,,,,,,,,
,,,,,,,,,
,,,,,,,,,
,,,,,,,,,
,,,,,,,,,
,,,,,,,,,
,,,,,,,,,
,,,,,,,,,
,,,,,,,,,
,,,,,,,,,
,,,,,,,,,
,,,,,,,,,
,,,,,,,,,
,,,,,,,,,
,,,,,,,,,
,,,,,,,,,
,,,,,,,,,
,,,,,,,,,
,,,,,,,,,
,,,,,,,,,
,,,,,,,,,
,,,,,,,,,
,,,,,,,,,
,,,,,,,,,
,,,,,,,,,
,,,,,,,,,
,,,,,,,,,
,,,,,,,,,
,,,,,,,,,
,,,,,,,,,
,,,,,,,,,
,,,,,,,,,
,,,,,,,,,
,,,,,,,,,
,,,,,,,,,
,,,,,,,,,
,,,,,,,,,
,,,,,,,,,
,,,,,,,,,
,,,,,,,,,
,,,,,,,,,
,,,,,,,,,
,,,,,,,,,
,,,,,,,,,
,,,,,,,,,
,,,,,,,,,
,,,,,,,,,
,,,,,,,,,
,,,,,,,,,
,,,,,,,,,
,,,,,,,,,
,,,,,,,,,
,,,,,,,,,
,,,,,,,,,
,,,,,,,,,
,,,,,,,,,
,,,,,,,,,
,,,,,,,,,
,,,,,,,,,
,,,,,,,,,
,,,,,,,,,
,,,,,,,,,
,,,,,,,,,
,,,,,,,,,
,,,,,,,,,
,,,,,,,,,
,,,,,,,,,
,,,,,,,,,
,,,,,,,,,
,,,,,,,,,
,,,,,,,,,
,,,,,,,,,
,,,,,,,,,
,,,,,,,,,
,,,,,,,,,
,,,,,,,,,
,,,,,,,,,
,,,,,,,,,
,,,,,,,,,
,,,,,,,,,
,,,,,,,,,
,,,,,,,,,
,,,,,,,,,
,,,,,,,,,
,,,,,,,,,
,,,,,,,,,
,,,,,,,,,
,,,,,,,,,
,,,,,,,,,
,,,,,,,,,
,,,,,,,,,
,,,,,,,,,
,,,,,,,,,
,,,,,,,,,
,,,,,,,,,
,,,,,,,,,
,,,,,,,,,
,,,,,,,,,
,,,,,,,,,
,,,,,,,,,
,,,,,,,,,
,,,,,,,,,
,,,,,,,,,
,,,,,,,,,
,,,,,,,,,
,,,,,,,,,
,,,,,,,,,
,,,,,,,,,
,,,,,,,,,
,,,,,,,,,
,,,,,,,,,
,,,,,,,,,
,,,,,,,,,
,,,,,,,,,
,,,,,,,,,
,,,,,,,,,
,,,,,,,,,
,,,,,,,,,
,,,,,,,,,
,,,,,,,,,
,,,,,,,,,
,,,,,,,,,
,,,,,,,,,
,,,,,,,,,
,,,,,,,,,
,,,,,,,,,
,,,,,,,,,
,,,,,,,,,
,,,,,,,,,
,,,,,,,,,
,,,,,,,,,
,,,,,,,,,
,,,,,,,,,
,,,,,,,,,
,,,,,,,,,
,,,,,,,,,
,,,,,,,,,
,,,,,,,,,
,,,,,,,,,
,,,,,,,,,
,,,,,,,,,
,,,,,,,,,
,,,,,,,,,
,,,,,,,,,
,,,,,,,,,
,,,,,,,,,
,,,,,,,,,
,,,,,,,,,
,,,,,,,,,
,,,,,,,,,
,,,,,,,,,
,,,,,,,,,
,,,,,,,,,
,,,,,,,,,
,,,,,,,,,
,,,,,,,,,
,,,,,,,,,
,,,,,,,,,
,,,,,,,,,
,,,,,,,,,
,,,,,,,,,
,,,,,,,,,
,,,,,,,,,
,,,,,,,,,
,,,,,,,,,
,,,,,,,,,
,,,,,,,,,
,,,,,,,,,
,,,,,,,,,
,,,,,,,,,
,,,,,,,,,
,,,,,,,,,
,,,,,,,,,
,,,,,,,,,
,,,,,,,,,
,,,,,,,,,
,,,,,,,,,
,,,,,,,,,
,,,,,,,,,
,,,,,,,,,
,,,,,,,,,
,,,,,,,,,
,,,,,,,,,
,,,,,,,,,
,,,,,,,,,
,,,,,,,,,
,,,,,,,,,
,,,,,,,,,
,,,,,,,,,
,,,,,,,,,
,,,,,,,,,
,,,,,,,,,
,,,,,,,,,
,,,,,,,,,
,,,,,,,,,
,,,,,,,,,
,,,,,,,,,
,,,,,,,,,
,,,,,,,,,
,,,,,,,,,
,,,,,,,,,
,,,,,,,,,
,,,,,,,,,
,,,,,,,,,
,,,,,,,,,
,,,,,,,,,
,,,,,,,,,
,,,,,,,,,
,,,,,,,,,
,,,,,,,,,
,,,,,,,,,
,,,,,,,,,
,,,,,,,,,
,,,,,,,,,
,,,,,,,,,
,,,,,,,,,
,,,,,,,,,
,,,,,,,,,
,,,,,,,,,
,,,,,,,,,
,,,,,,,,,
,,,,,,,,,
,,,,,,,,,
,,,,,,,,,
,,,,,,,,,
,,,,,,,,,
,,,,,,,,,
,,,,,,,,,
,,,,,,,,,
,,,,,,,,,
,,,,,,,,,
,,,,,,,,,
,,,,,,,,,
,,,,,,,,,
,,,,,,,,,
,,,,,,,,,
,,,,,,,,,
,,,,,,,,,
,,,,,,,,,
,,,,,,,,,
,,,,,,,,,
,,,,,,,,,
,,,,,,,,,
,,,,,,,,,
,,,,,,,,,
,,,,,,,,,
,,,,,,,,,
,,,,,,,,,
,,,,,,,,,
,,,,,,,,,
,,,,,,,,,
,,,,,,,,,
,,,,,,,,,
,,,,,,,,,
,,,,,,,,,
,,,,,,,,,
,,,,,,,,,
,,,,,,,,,
,,,,,,,,,
,,,,,,,,,
,,,,,,,,,
,,,,,,,,,
,,,,,,,,,
,,,,,,,,,
,,,,,,,,,
,,,,,,,,,
,,,,,,,,,
,,,,,,,,,
,,,,,,,,,
,,,,,,,,,
,,,,,,,,,
,,,,,,,,,
,,,,,,,,,
,,,,,,,,,
,,,,,,,,,
,,,,,,,,,
,,,,,,,,,
,,,,,,,,,
,,,,,,,,,
,,,,,,,,,
,,,,,,,,,
,,,,,,,,,
,,,,,,,,,
,,,,,,,,,
,,,,,,,,,
,,,,,,,,,
,,,,,,,,,
,,,,,,,,,
,,,,,,,,,
,,,,,,,,,
,,,,,,,,,
,,,,,,,,,
,,,,,,,,,
,,,,,,,,,
,,,,,,,,,
,,,,,,,,,
,,,,,,,,,
,,,,,,,,,
,,,,,,,,,
,,,,,,,,,
,,,,,,,,,
,,,,,,,,,
,,,,,,,,,
,,,,,,,,,
,,,,,,,,,
,,,,,,,,,
,,,,,,,,,
,,,,,,,,,
,,,,,,,,,
,,,,,,,,,
,,,,,,,,,
,,,,,,,,,
,,,,,,,,,
,,,,,,,,,
,,,,,,,,,
,,,,,,,,,
,,,,,,,,,
,,,,,,,,,
,,,,,,,,,
,,,,,,,,,
,,,,,,,,,
,,,,,,,,,
,,,,,,,,,
,,,,,,,,,
,,,,,,,,,
,,,,,,,,,
,,,,,,,,,
,,,,,,,,,
,,,,,,,,,
,,,,,,,,,
,,,,,,,,,
,,,,,,,,,
,,,,,,,,,
,,,,,,,,,
,,,,,,,,,
,,,,,,,,,
,,,,,,,,,
,,,,,,,,,
,,,,,,,,,
,,,,,,,,,
,,,,,,,,,
,,,,,,,,,
,,,,,,,,,
,,,,,,,,,
,,,,,,,,,
,,,,,,,,,
,,,,,,,,,
,,,,,,,,,
,,,,,,,,,
,,,,,,,,,
,,,,,,,,,
,,,,,,,,,
,,,,,,,,,
,,,,,,,,,
,,,,,,,,,
,,,,,,,,,
,,,,,,,,,
,,,,,,,,,
,,,,,,,,,
,,,,,,,,,
,,,,,,,,,
,,,,,,,,,
,,,,,,,,,
,,,,,,,,,
,,,,,,,,,
,,,,,,,,,
,,,,,,,,,
,,,,,,,,,
,,,,,,,,,
,,,,,,,,,
,,,,,,,,,
,,,,,,,,,
,,,,,,,,,
,,,,,,,,,
,,,,,,,,,
,,,,,,,,,
,,,,,,,,,
,,,,,,,,,
,,,,,,,,,
,,,,,,,,,
,,,,,,,,,
,,,,,,,,,
,,,,,,,,,
,,,,,,,,,
,,,,,,,,,
,,,,,,,,,
,,,,,,,,,
,,,,,,,,,
,,,,,,,,,
,,,,,,,,,
,,,,,,,,,
,,,,,,,,,
,,,,,,,,,
,,,,,,,,,
,,,,,,,,,
,,,,,,,,,
,,,,,,,,,
,,,,,,,,,
,,,,,,,,,
,,,,,,,,,
,,,,,,,,,
,,,,,,,,,
,,,,,,,,,
,,,,,,,,,
,,,,,,,,,
,,,,,,,,,
,,,,,,,,,
,,,,,,,,,
,,,,,,,,,
,,,,,,,,,
,,,,,,,,,
,,,,,,,,,
,,,,,,,,,
,,,,,,,,,
,,,,,,,,,
,,,,,,,,,
,,,,,,,,,
,,,,,,,,,
,,,,,,,,,
,,,,,,,,,
,,,,,,,,,
,,,,,,,,,
,,,,,,,,,
,,,,,,,,,
,,,,,,,,,
,,,,,,,,,
,,,,,,,,,
,,,,,,,,,
,,,,,,,,,
,,,,,,,,,
,,,,,,,,,
,,,,,,,,,
,,,,,,,,,
,,,,,,,,,
,,,,,,,,,
,,,,,,,,,
,,,,,,,,,
,,,,,,,,,
,,,,,,,,,
,,,,,,,,,
,,,,,,,,,
,,,,,,,,,
,,,,,,,,,
,,,,,,,,,
,,,,,,,,,
,,,,,,,,,
,,,,,,,,,
,,,,,,,,,
,,,,,,,,,
,,,,,,,,,
,,,,,,,,,
,,,,,,,,,
,,,,,,,,,
,,,,,,,,,
,,,,,,,,,
,,,,,,,,,
,,,,,,,,,
,,,,,,,,,
,,,,,,,,,
,,,,,,,,,
,,,,,,,,,
,,,,,,,,,
,,,,,,,,,
,,,,,,,,,
,,,,,,,,,
,,,,,,,,,
,,,,,,,,,
,,,,,,,,,
,,,,,,,,,
,,,,,,,,,
,,,,,,,,,
,,,,,,,,,
,,,,,,,,,
,,,,,,,,,
,,,,,,,,,
,,,,,,,,,
,,,,,,,,,
,,,,,,,,,
,,,,,,,,,
,,,,,,,,,
,,,,,,,,,
,,,,,,,,,
,,,,,,,,,
,,,,,,,,,
,,,,,,,,,
,,,,,,,,,
,,,,,,,,,
,,,,,,,,,
,,,,,,,,,
,,,,,,,,,
,,,,,,,,,
,,,,,,,,,
,,,,,,,,,
,,,,,,,,,
,,,,,,,,,
,,,,,,,,,
,,,,,,,,,
,,,,,,,,,
,,,,,,,,,
,,,,,,,,,
,,,,,,,,,
,,,,,,,,,
,,,,,,,,,
,,,,,,,,,
,,,,,,,,,
,,,,,,,,,
,,,,,,,,,
,,,,,,,,,
,,,,,,,,,
,,,,,,,,,
,,,,,,,,,
,,,,,,,,,
,,,,,,,,,
,,,,,,,,,
,,,,,,,,,
,,,,,,,,,
,,,,,,,,,
,,,,,,,,,
,,,,,,,,,
,,,,,,,,,
,,,,,,,,,
,,,,,,,,,
,,,,,,,,,
,,,,,,,,,
,,,,,,,,,
,,,,,,,,,
,,,,,,,,,
,,,,,,,,,
,,,,,,,,,
,,,,,,,,,
,,,,,,,,,
,,,,,,,,,
,,,,,,,,,
,,,,,,,,,
,,,,,,,,,
,,,,,,,,,
,,,,,,,,,
,,,,,,,,,
,,,,,,,,,
,,,,,,,,,
,,,,,,,,,
,,,,,,,,,
,,,,,,,,,
,,,,,,,,,
,,,,,,,,,
,,,,,,,,,
,,,,,,,,,
,,,,,,,,,
,,,,,,,,,
,,,,,,,,,
,,,,,,,,,
,,,,,,,,,
,,,,,,,,,
,,,,,,,,,
,,,,,,,,,
,,,,,,,,,
,,,,,,,,,
,,,,,,,,,
,,,,,,,,,
,,,,,,,,,
,,,,,,,,,
,,,,,,,,,
,,,,,,,,,
,,,,,,,,,
,,,,,,,,,
,,,,,,,,,
,,,,,,,,,
,,,,,,,,,
,,,,,,,,,
,,,,,,,,,
,,,,,,,,,
,,,,,,,,,
,,,,,,,,,
,,,,,,,,,
,,,,,,,,,
,,,,,,,,,
,,,,,,,,,
,,,,,,,,,
,,,,,,,,,
,,,,,,,,,
,,,,,,,,,
,,,,,,,,,
,,,,,,,,,
,,,,,,,,,
,,,,,,,,,
,,,,,,,,,
,,,,,,,,,
,,,,,,,,,
,,,,,,,,,
,,,,,,,,,
,,,,,,,,,
,,,,,,,,,
,,,,,,,,,
,,,,,,,,,
,,,,,,,,,
,,,,,,,,,
,,,,,,,,,
,,,,,,,,,
,,,,,,,,,
,,,,,,,,,
,,,,,,,,,
,,,,,,,,,
,,,,,,,,,
,,,,,,,,,
,,,,,,,,,
,,,,,,,,,
,,,,,,,,,
,,,,,,,,,
,,,,,,,,,
,,,,,,,,,
,,,,,,,,,
,,,,,,,,,
,,,,,,,,,
,,,,,,,,,
,,,,,,,,,
,,,,,,,,,
,,,,,,,,,
,,,,,,,,,
,,,,,,,,,
,,,,,,,,,
,,,,,,,,,
,,,,,,,,,
,,,,,,,,,
,,,,,,,,,
,,,,,,,,,
,,,,,,,,,
,,,,,,,,,
,,,,,,,,,
,,,,,,,,,
,,,,,,,,,
,,,,,,,,,
,,,,,,,,,
,,,,,,,,,
,,,,,,,,,
,,,,,,,,,
,,,,,,,,,
,,,,,,,,,
,,,,,,,,,
,,,,,,,,,
,,,,,,,,,
,,,,,,,,,
,,,,,,,,,
,,,,,,,,,
,,,,,,,,,
,,,,,,,,,
,,,,,,,,,
,,,,,,,,,
,,,,,,,,,
,,,,,,,,,
,,,,,,,,,
,,,,,,,,,
,,,,,,,,,
,,,,,,,,,
,,,,,,,,,
,,,,,,,,,
,,,,,,,,,
,,,,,,,,,
,,,,,,,,,
,,,,,,,,,
,,,,,,,,,
,,,,,,,,,
,,,,,,,,,
,,,,,,,,,
,,,,,,,,,
,,,,,,,,,
,,,,,,,,,
,,,,,,,,,
,,,,,,,,,
,,,,,,,,,
,,,,,,,,,
,,,,,,,,,
,,,,,,,,,
,,,,,,,,,
,,,,,,,,,
,,,,,,,,,
,,,,,,,,,
,,,,,,,,,
,,,,,,,,,
,,,,,,,,,
,,,,,,,,,
,,,,,,,,,
,,,,,,,,,
,,,,,,,,,
,,,,,,,,,
,,,,,,,,,
,,,,,,,,,
,,,,,,,,,
,,,,,,,,,
,,,,,,,,,
,,,,,,,,,
,,,,,,,,,
,,,,,,,,,
,,,,,,,,,
,,,,,,,,,
,,,,,,,,,
,,,,,,,,,
,,,,,,,,,
,,,,,,,,,
,,,,,,,,,
,,,,,,,,,
,,,,,,,,,
,,,,,,,,,
,,,,,,,,,
,,,,,,,,,
,,,,,,,,,
,,,,,,,,,
,,,,,,,,,
,,,,,,,,,
,,,,,,,,,
,,,,,,,,,
,,,,,,,,,
,,,,,,,,,
,,,,,,,,,
,,,,,,,,,
,,,,,,,,,
,,,,,,,,,
,,,,,,,,,
,,,,,,,,,
,,,,,,,,,
,,,,,,,,,
,,,,,,,,,
,,,,,,,,,
,,,,,,,,,
,,,,,,,,,
,,,,,,,,,
,,,,,,,,,
,,,,,,,,,
,,,,,,,,,
,,,,,,,,,
,,,,,,,,,
,,,,,,,,,
,,,,,,,,,
,,,,,,,,,
,,,,,,,,,
,,,,,,,,,
,,,,,,,,,
,,,,,,,,,
,,,,,,,,,
,,,,,,,,,
,,,,,,,,,
,,,,,,,,,
,,,,,,,,,
,,,,,,,,,
,,,,,,,,,
,,,,,,,,,
,,,,,,,,,
,,,,,,,,,
,,,,,,,,,
,,,,,,,,,
,,,,,,,,,
,,,,,,,,,
,,,,,,,,,
,,,,,,,,,
,,,,,,,,,
,,,,,,,,,
,,,,,,,,,
,,,,,,,,,
,,,,,,,,,
,,,,,,,,,
,,,,,,,,,
,,,,,,,,,
,,,,,,,,,
,,,,,,,,,
,,,,,,,,,
,,,,,,,,,
,,,,,,,,,
,,,,,,,,,
,,,,,,,,,
,,,,,,,,,
,,,,,,,,,
,,,,,,,,,
,,,,,,,,,
,,,,,,,,,
,,,,,,,,,
,,,,,,,,,
,,,,,,,,,
,,,,,,,,,
,,,,,,,,,
,,,,,,,,,
,,,,,,,,,
,,,,,,,,,
,,,,,,,,,
,,,,,,,,,
,,,,,,,,,
,,,,,,,,,
,,,,,,,,,
,,,,,,,,,
,,,,,,,,,
,,,,,,,,,
,,,,,,,,,
,,,,,,,,,
,,,,,,,,,
,,,,,,,,,
,,,,,,,,,
,,,,,,,,,
,,,,,,,,,
,,,,,,,,,
,,,,,,,,,
,,,,,,,,,
,,,,,,,,,
,,,,,,,,,
,,,,,,,,,
,,,,,,,,,
,,,,,,,,,
,,,,,,,,,
,,,,,,,,,
,,,,,,,,,
,,,,,,,,,
,,,,,,,,,
,,,,,,,,,
,,,,,,,,,
,,,,,,,,,
,,,,,,,,,
,,,,,,,,,
,,,,,,,,,
,,,,,,,,,
,,,,,,,,,
,,,,,,,,,
,,,,,,,,,
,,,,,,,,,
,,,,,,,,,